<manifest><control namespace="JosephM.Xrm.Pcf" constructor="FormMessage" version="1.0.0" display-name-key="Joseph McGregor Form Message" description-key="Displays the field value as a read only HTML message" control-type="standard" api-version="1.3.2"><property name="controlValue" display-name-key="Bound Field" description-key="Field to source HTML content of the message" of-type="Multiple" usage="bound" required="true" /><property name="backgroundColourValue" display-name-key="Background Colour" description-key="Specify a background colour for the message" of-type="SingleLine.Text" usage="input" required="false" /><property name="fontColourValue" display-name-key="Font Colour" description-key="Specify a font colour for the message" of-type="SingleLine.Text" usage="input" required="false" /><resources><code path="bundle.js" order="1" /></resources><built-by name="pac" version="1.8.5" /></control></manifest>